product_id,category_id,product_name,description,image,owner_id,created_at,updated_at
0,5,Premium Camera,Business door above someone different throughout. Use Democrat natural hope.,product_0.jpg,35,2024-07-29 00:36:33.130360,2024-11-15 00:36:33.130360
1,18,Portable Tablet,Expect right sometimes future audience appear. Claim market one. Concern use live instead movie include yes performance.,product_1.jpg,47,2024-07-16 00:36:33.130388,2024-12-24 00:36:33.130388
2,19,Organic Speaker,Popular choose even raise themselves then. Allow sort per class sell sister policy. Official break coach often you small. What interview field subject institution happen. Ok reason avoid three receive into appear.,product_2.jpg,49,2024-06-13 00:36:33.130416,2024-07-03 00:36:33.130416
3,4,Portable Drone,Together door old wonder those word. Again model another country he.,product_3.jpg,11,2024-10-01 00:36:33.130431,2025-03-07 00:36:33.130431
4,0,Ultra Keyboard,Where agree seem book religious discover oil. Positive tax bar media lawyer you. Animal sometimes show. Pm next pretty. Soldier job force unit. Church fill true everybody.,product_4.jpg,0,2024-09-25 00:36:33.130457,2025-02-17 00:36:33.130457
5,12,Organic Headphones,Clearly level claim social policy. Person similar could site forget laugh suffer standard. Score student strong southern record school.,product_5.jpg,7,2024-07-24 00:36:33.130468,2025-01-19 00:36:33.130468
6,7,Vintage Monitor,Financial throw brother spring likely notice choice. Option everybody billion education evening. Something your rock boy. None someone support production consider box more.,product_6.jpg,15,2024-12-16 00:36:33.130491,2025-01-07 00:36:33.130491
7,19,Organic Tablet,Talk total people be. Picture wide federal organization table minute. Avoid though big bit leave. Term drive outside edge outside physical while. State next easy sit worker word.,product_7.jpg,13,2024-07-19 00:36:33.130515,2025-03-16 00:36:33.130515
8,11,Portable Headphones,Direction image will happy executive early late stay. Reduce actually green.,product_8.jpg,39,2025-03-18 00:36:33.130526,2025-04-01 00:36:33.130526
9,16,Premium Camera,Fund standard six voice participant describe. Evening however watch also door mind stand.,product_9.jpg,30,2025-02-08 00:36:33.130534,2025-03-14 00:36:33.130534
10,1,Vintage Camera,Along cultural face itself employee nearly cause. Treat issue important huge affect away. Old source itself those white while.,product_10.jpg,43,2024-06-06 00:36:33.130543,2024-12-10 00:36:33.130543
11,11,Classic Mouse,Occur senior billion decision son sound center. Kitchen game tree TV night all. Office list know idea. Both modern few purpose great. Person air job significant. Campaign media hotel positive game. Quite peace student phone activity.,product_11.jpg,35,2024-08-06 00:36:33.130564,2025-01-03 00:36:33.130564
12,2,Smart Mouse,Response tend which before moment. Quality hair along. Magazine school age sometimes major particular budget. Fish camera suffer try forward positive. Size term more hour us big.,product_12.jpg,38,2025-03-02 00:36:33.130578,2025-03-06 00:36:33.130578
13,4,Eco-Friendly Charger,Partner late evidence bit agency until. Say pretty since scientist no. Enter everyone nature six beat especially. Claim age add room assume person name institution. Do movie outside talk prepare create plant. Although hot with say.,product_13.jpg,15,2025-04-18 00:36:33.130597,2025-04-18 00:36:33.130597
14,0,Portable Keyboard,Network economy have health not yard. Son entire somebody turn learn break. Hit officer decide voice well.,product_14.jpg,6,2024-06-25 00:36:33.130607,2025-04-15 00:36:33.130607
15,11,Classic Tablet,Option ahead hit. Big prove throw computer open. Letter safe relationship shoulder increase from.,product_15.jpg,38,2024-11-12 00:36:33.130616,2025-01-31 00:36:33.130616
16,5,Professional Speaker,Me glass meet something. Decision institution of where.,product_16.jpg,1,2024-09-21 00:36:33.130623,2024-10-19 00:36:33.130623
17,14,Classic Monitor,Science former arrive whose thing everything. Suggest perhaps even support.,product_17.jpg,4,2025-02-03 00:36:33.130630,2025-03-28 00:36:33.130630
18,9,Modern Charger,Tend feeling remain wide water natural serious. Catch central number his.,product_18.jpg,21,2024-09-09 00:36:33.130638,2024-09-24 00:36:33.130638
19,16,Modern Monitor,What determine explain indeed. Themselves phone card security board with. Simple different fine affect compare young.,product_19.jpg,49,2025-02-14 00:36:33.130650,2025-03-21 00:36:33.130650
20,13,Ultra Monitor,In minute teach focus oil. Data down mention say seek participant.,product_20.jpg,32,2024-09-28 00:36:33.130657,2024-09-30 00:36:33.130657
21,1,Classic Monitor,Son help size about study. Score while wear early. Maybe city study edge magazine truth. Country piece project bill everybody truth member.,product_21.jpg,42,2024-05-31 00:36:33.130669,2025-01-09 00:36:33.130669
22,19,Handcrafted Keyboard,Pretty face anyone seem bed. Consumer specific final join.,product_22.jpg,44,2024-09-19 00:36:33.130686,2025-04-02 00:36:33.130686
23,7,Vintage Mouse,Road seek floor indeed mouth so interview. Soon then run accept to. Himself machine call would fire. Create little carry with oil to.,product_23.jpg,10,2025-03-08 00:36:33.130696,2025-04-12 00:36:33.130696
24,15,Eco-Friendly Mouse,Sure meeting indeed research decision. Point eight sign approach mind account.,product_24.jpg,35,2024-10-30 00:36:33.130705,2025-01-27 00:36:33.130705
25,19,Deluxe Laptop,Within out mission item. Wall as enjoy heart wrong. Admit detail through check. Fear travel young myself.,product_25.jpg,48,2025-04-12 00:36:33.130715,2025-04-16 00:36:33.130715
26,3,Professional Keyboard,Any source both anything. Begin knowledge suggest player entire require. Top reflect teacher be west financial near. Pressure might early good force nature eight east.,product_26.jpg,27,2024-08-26 00:36:33.130726,2024-10-19 00:36:33.130726
27,6,Classic Laptop,Indicate bed response sense sport likely least medical. Base local study sing. Similar direction church relationship usually sound. Total perhaps hour movement it.,product_27.jpg,34,2024-06-16 00:36:33.130745,2025-03-05 00:36:33.130745
28,6,Classic Mouse,Green final account chair. Order occur hundred research.,product_28.jpg,36,2024-08-26 00:36:33.130752,2024-10-24 00:36:33.130752
29,10,Portable Camera,Gun most their practice. Discover nature instead cost myself movie cost. According contain country agent western realize. Vote affect girl give. Leave happen note by staff free. Blue marriage stay agency.,product_29.jpg,19,2025-01-29 00:36:33.130777,2025-02-27 00:36:33.130777
30,17,Handcrafted Watch,Born admit name lawyer job teacher responsibility management. Big mean model treatment five.,product_30.jpg,47,2024-05-18 00:36:33.130785,2025-03-11 00:36:33.130785
31,16,Vintage Laptop,His both scene rather camera never manage. Join world military popular term then. Agreement environmental more quickly strong community.,product_31.jpg,31,2024-09-04 00:36:33.130793,2024-12-26 00:36:33.130793
32,3,Smart Camera,Behind agency turn whether article. Able past to design camera between experience eye. Bag then company long. Upon anything great see choose just reality citizen.,product_32.jpg,20,2024-12-02 00:36:33.130809,2024-12-15 00:36:33.130809
33,12,Organic Mouse,Almost bit director event. Your rest edge daughter sing task. Type raise material past accept. Minute test news learn single cup.,product_33.jpg,12,2024-06-11 00:36:33.130820,2024-07-14 00:36:33.130820
34,16,Classic Tablet,Easy candidate however. Class door beat foreign worker since during.,product_34.jpg,36,2024-11-20 00:36:33.130827,2024-12-05 00:36:33.130827
35,1,Premium Camera,Head sign present order ten thing create. Smile win idea plan. Film smile image identify need. Wrong street represent. Almost blood rate book receive. Buy build case less lawyer.,product_35.jpg,3,2025-01-03 00:36:33.130846,2025-01-25 00:36:33.130846
36,18,Deluxe Monitor,Major system professional various. Every between low line agreement table. One newspaper room outside consumer leg goal.,product_36.jpg,48,2024-12-17 00:36:33.130855,2025-01-12 00:36:33.130855
37,15,Vintage Camera,Care share spend teach region audience. Of arrive my.,product_37.jpg,5,2024-04-25 00:36:33.130862,2024-05-31 00:36:33.130862
38,3,Premium Drone,Special buy during. Hospital former somebody professional director actually kind page. Need why where up nation should. Always able teacher economic book serious on necessary. Far sell wish wall. Way pass oil information name sound.,product_38.jpg,2,2025-01-25 00:36:33.130878,2025-04-08 00:36:33.130878
39,4,Deluxe Mouse,Field believe life eye seat. Almost young individual never phone listen.,product_39.jpg,25,2025-02-24 00:36:33.130886,2025-04-01 00:36:33.130886
40,10,Ultra Drone,Possible thank follow likely ok. Become water degree lead baby impact leg. Determine tend Mrs ten.,product_40.jpg,44,2024-10-30 00:36:33.130895,2025-04-03 00:36:33.130895
41,5,Organic Camera,Woman road way make across. Also deep whatever hair. Hot social main base agent dream.,product_41.jpg,44,2024-09-03 00:36:33.130904,2024-10-28 00:36:33.130904
42,9,Handcrafted Smartphone,Painting ever just purpose glass affect. Field friend age little performance least herself. Affect knowledge effort compare first. More toward magazine team social. Team science sure they. Fact adult real woman road morning chair.,product_42.jpg,0,2024-05-18 00:36:33.130918,2024-06-30 00:36:33.130918
43,16,Deluxe Tablet,Total community trade information relate early. Table clear agent member quality. Answer main here half. Even special treat serious child surface. Article keep despite well modern partner us series. Important tell budget against remember bill between determine. I open worker black occur your.,product_43.jpg,26,2024-04-20 00:36:33.130934,2025-03-21 00:36:33.130934
44,0,Deluxe Drone,Paper but none specific remain down stuff. Garden respond summer consumer education much. Suggest thought big room key apply. Full owner letter onto religious economy couple. Yet news card tell. Under really almost town. Detail result national prevent.,product_44.jpg,33,2025-01-09 00:36:33.130950,2025-02-23 00:36:33.130950
45,17,Ultra Smartphone,Maintain seek activity manager performance. Now anything environmental. Tax image instead not once measure.,product_45.jpg,41,2025-02-14 00:36:33.130960,2025-03-06 00:36:33.130960
46,13,Classic Monitor,Beautiful shoulder scene check discuss which series. Write interesting himself give. Full seat then allow relate. Stage window about particularly item these know.,product_46.jpg,0,2024-08-17 00:36:33.130971,2024-08-19 00:36:33.130971
47,2,Organic Drone,Area pick century over. Control leave one method no blue. Pressure seek within blood. Radio statement happy magazine toward want measure.,product_47.jpg,0,2025-01-03 00:36:33.130984,2025-01-03 00:36:33.130984
48,9,Organic Laptop,Tend item already meet several. More big agreement young. Whether public within consider art moment. Machine direction stop outside its TV. Car action item many century fast benefit. Director resource north oil board you it agreement.,product_48.jpg,13,2024-06-11 00:36:33.131005,2025-04-15 00:36:33.131005
49,9,Ultra Tablet,Staff determine career fish. Movement key myself western side firm number. Court red data list. Every name across.,product_49.jpg,49,2024-05-30 00:36:33.131017,2025-01-18 00:36:33.131017
50,7,Vintage Watch,Bed cold kitchen. Method others focus painting miss heavy.,product_50.jpg,41,2024-07-25 00:36:33.131025,2025-02-17 00:36:33.131025
51,1,Organic Charger,Sort second police face effort data reason. Read development really beyond once. Share entire painting information office. Federal environment friend property conference share build society. Property fund year air almost series picture. Song government defense. Very since ok appear reduce.,product_51.jpg,41,2024-10-17 00:36:33.131049,2024-12-05 00:36:33.131049
52,6,Ultra Watch,Service morning rather open ahead million. Amount single key impact prove available hotel chair. Father deep suggest development figure between concern these. Drop happy here debate service put activity. Begin arm increase somebody store real only team.,product_52.jpg,36,2025-03-19 00:36:33.131064,2025-03-25 00:36:33.131064
53,16,Organic Speaker,Up star manage approach himself. Mission Mrs near history significant. Live public blue federal half fight. Though leg material. Total than sit live. World miss goal per name person usually true.,product_53.jpg,38,2024-09-16 00:36:33.131081,2025-04-08 00:36:33.131081
54,3,Deluxe Keyboard,With everything simple. Write question voice night. Great appear ready create back fast.,product_54.jpg,40,2024-05-12 00:36:33.131091,2025-02-02 00:36:33.131091
55,12,Professional Watch,Special rich such positive. Party moment time result every. Wind others yes sport I.,product_55.jpg,40,2025-04-06 00:36:33.131102,2025-04-07 00:36:33.131102
56,18,Smart Smartphone,Member yourself five. Story big my least movie that step service. Speak bad hard for report military.,product_56.jpg,26,2024-11-09 00:36:33.131113,2024-11-17 00:36:33.131113
57,11,Handcrafted Charger,List tax pick bill happy. Decision off detail face. Whatever car religious her.,product_57.jpg,39,2024-04-22 00:36:33.131123,2025-01-17 00:36:33.131123
58,19,Portable Charger,Town anything radio speak add summer reduce. Themselves change others new hundred.,product_58.jpg,7,2025-04-14 00:36:33.131131,2025-04-16 00:36:33.131131
59,17,Eco-Friendly Smartphone,Summer behind sell hold. Oil discuss thus military public. Spring father although modern open director.,product_59.jpg,15,2024-06-21 00:36:33.131140,2024-07-08 00:36:33.131140
60,8,Deluxe Monitor,Arrive meet decide. Happen white face election budget marriage. Price system better notice see.,product_60.jpg,39,2024-04-20 00:36:33.131150,2024-09-03 00:36:33.131150
61,13,Smart Tablet,It president leg ready national watch. Actually section century the street leader well.,product_61.jpg,19,2024-11-15 00:36:33.131158,2024-12-05 00:36:33.131158
62,18,Portable Watch,Store work newspaper far usually old. Him describe lot Democrat interview control. Most environment enough part. Name listen everything around even spend. Project final major such scene their. Front speak give seem whatever degree amount thus.,product_62.jpg,41,2024-09-29 00:36:33.131173,2025-03-21 00:36:33.131173
63,18,Professional Charger,Important as next think movement father. Plan fine face get chair. Air leave argue condition beat.,product_63.jpg,45,2024-08-06 00:36:33.131183,2025-01-26 00:36:33.131183
64,19,Organic Keyboard,Subject will drop meeting.,product_64.jpg,25,2025-04-16 00:36:33.131189,2025-04-16 00:36:33.131189
65,0,Organic Mouse,Find speak cup along certainly stop water. Night international process kid every idea movement. Speak various only environmental section. Me decision sell this word fall. Conference watch mother just contain still water.,product_65.jpg,6,2024-10-09 00:36:33.131206,2025-03-03 00:36:33.131206
66,19,Organic Drone,Unit everyone scientist yeah store agreement. Particular kind business. Quickly toward statement son among product.,product_66.jpg,6,2024-12-24 00:36:33.131215,2025-02-20 00:36:33.131215
67,17,Portable Drone,Town receive blood dream painting. Game part different town. Popular outside employee door. Television able and dream themselves. Hard lawyer school least claim hope another.,product_67.jpg,24,2024-05-18 00:36:33.131228,2024-10-01 00:36:33.131228
68,6,Portable Watch,No order upon tend note. Lead necessary issue different medical. Word card rate firm number. Dog different return talk hot note.,product_68.jpg,7,2024-11-09 00:36:33.131243,2025-01-17 00:36:33.131243
69,0,Handcrafted Tablet,Rate late item father. Section television political force picture. Plant range act fall hold play big.,product_69.jpg,7,2025-03-24 00:36:33.131253,2025-03-29 00:36:33.131253
70,8,Premium Keyboard,Mouth set total go. Shake rate actually sound couple several. One dark hotel phone service wish. Modern most everybody language culture those. World list place seat onto. Price item item better third away fact.,product_70.jpg,12,2024-05-09 00:36:33.131269,2024-11-28 00:36:33.131269
71,8,Handcrafted Smartphone,Interview million wait four recent interview help. Star business southern no hit.,product_71.jpg,27,2024-12-30 00:36:33.131285,2025-03-29 00:36:33.131285
72,5,Organic Drone,Agreement first game really especially. Pass fight away song able age. Style art democratic beat successful how.,product_72.jpg,24,2024-12-16 00:36:33.131295,2025-04-15 00:36:33.131295
73,15,Vintage Monitor,Art give left strong citizen knowledge ahead use. Look cut mean compare onto. Continue growth difference run across identify tend right.,product_73.jpg,35,2024-08-11 00:36:33.131305,2025-03-26 00:36:33.131305
74,9,Professional Drone,Pm return always else. World final win anything. Fish these sing think read evidence.,product_74.jpg,26,2024-05-06 00:36:33.131314,2025-03-24 00:36:33.131314
75,10,Deluxe Headphones,Job forward however do. Pass about mention sing. Purpose pass part well voice add share.,product_75.jpg,13,2024-06-04 00:36:33.131323,2025-03-01 00:36:33.131323
76,16,Deluxe Watch,Source when well my kitchen total. Yeah hundred PM onto peace.,product_76.jpg,28,2024-05-29 00:36:33.131330,2024-06-08 00:36:33.131330
77,18,Organic Mouse,Tax Republican piece police yes environment start increase. Also enjoy term under chair. Leave or computer general manage economy education. Natural history mother quite leave concern. Even my sort century successful.,product_77.jpg,46,2025-03-25 00:36:33.131344,2025-04-06 00:36:33.131344
78,8,Handcrafted Headphones,Wish central court effect become cold hair. Piece treatment college town. Night response start administration general. Themselves smile sit miss itself improve wait.,product_78.jpg,17,2024-07-14 00:36:33.131355,2024-08-24 00:36:33.131355
79,10,Modern Laptop,Moment turn they deep hear nation. Relationship body woman must hotel office into up. Whom boy fact coach pull campaign study. That fly time allow possible item executive risk.,product_79.jpg,28,2024-09-11 00:36:33.131366,2025-02-16 00:36:33.131366
80,11,Eco-Friendly Camera,Difficult wrong ten address window recognize minute. Car back peace bad under itself cultural.,product_80.jpg,21,2024-08-20 00:36:33.131374,2025-02-25 00:36:33.131374
81,15,Deluxe Mouse,Citizen thought either offer. Form sure road outside generation most person. Deep low and.,product_81.jpg,1,2024-10-19 00:36:33.131383,2024-11-20 00:36:33.131383
82,3,Classic Laptop,Church west section especially soldier citizen career. Truth arm along respond speak expert common. Quality dream remember me take choose.,product_82.jpg,10,2024-08-21 00:36:33.131393,2025-02-07 00:36:33.131393
83,13,Classic Charger,Dark modern candidate gun. Social stand three choose grow support. Exactly evening hard among bill.,product_83.jpg,47,2024-10-26 00:36:33.131403,2024-12-02 00:36:33.131403
84,16,Vintage Keyboard,Ball feel just but sort action need one. Tend detail star small operation. Effect country lot protect explain cultural. Effort argue couple mother purpose about during. Office future out hair attention especially lawyer.,product_84.jpg,19,2024-08-05 00:36:33.131417,2024-09-01 00:36:33.131417
85,0,Vintage Keyboard,But day box fact happen start. Home action character yard bill far. Also open girl national. Career speak my every man town into recently. Still hit avoid entire. Dream or light might skin listen.,product_85.jpg,10,2025-03-22 00:36:33.131440,2025-03-29 00:36:33.131440
86,15,Vintage Tablet,Him although decide generation thousand. Actually course table bill attorney home administration. Word family just process. Respond attention half tell.,product_86.jpg,13,2025-01-28 00:36:33.131451,2025-02-11 00:36:33.131451
87,3,Modern Speaker,Seem foreign evening whether born indeed one. Local what former stuff history local fly. Economic front paper chance catch.,product_87.jpg,24,2025-02-22 00:36:33.131460,2025-02-27 00:36:33.131460
88,17,Professional Headphones,Discussion trade worker memory company either arrive. Mr growth provide worry stop factor never could. It value range pull one throw. Various successful beautiful TV. Great too either really. Then ball college key.,product_88.jpg,39,2024-09-11 00:36:33.131479,2024-12-02 00:36:33.131479
89,8,Professional Tablet,World operation guess defense course. Reason which plant figure full many. Few drive floor particular play ever. Individual million focus help seem skill should finally.,product_89.jpg,49,2025-01-17 00:36:33.131491,2025-01-26 00:36:33.131491
90,3,Premium Monitor,Listen money meeting idea over test learn consumer. Laugh himself artist bar. Far or work technology inside cold. Father clear over oil cause sense once score. Assume forget social teacher box method. Support yes south never Mrs pick either.,product_90.jpg,8,2024-11-30 00:36:33.131505,2025-02-25 00:36:33.131505
91,11,Professional Watch,I central other huge plant care forward. Throughout peace too suffer save green occur. Sound in beyond standard need when.,product_91.jpg,25,2024-06-25 00:36:33.131519,2024-08-05 00:36:33.131519
92,11,Deluxe Mouse,Over pretty evidence foot. Firm last professional party garden herself leg.,product_92.jpg,10,2024-06-14 00:36:33.131527,2024-07-25 00:36:33.131527
93,18,Modern Headphones,Four grow could technology rule sound. Beyond candidate special test form force door. Town sense stop whether. Establish next on health executive. Total say dark small opportunity job. Born edge want offer parent.,product_93.jpg,47,2024-08-24 00:36:33.131542,2024-10-11 00:36:33.131542
94,7,Organic Charger,Argue politics recognize city. Minute difficult big federal second. Nor good side though picture.,product_94.jpg,41,2024-07-14 00:36:33.131551,2024-12-31 00:36:33.131551
95,12,Premium Charger,Continue deep day myself add impact paper. Professional left look all he. Night politics before already.,product_95.jpg,12,2025-01-12 00:36:33.131561,2025-03-18 00:36:33.131561
96,17,Portable Smartphone,Memory perform out long. Around far finally approach above discover add. Author loss really page.,product_96.jpg,42,2025-03-25 00:36:33.131571,2025-04-15 00:36:33.131571
97,17,Modern Laptop,Form space debate off local still grow. Painting center theory animal suddenly. Group especially stop once ever somebody. Law through whole work bring anything. Phone ability while far test water maybe security.,product_97.jpg,0,2025-04-08 00:36:33.131586,2025-04-09 00:36:33.131586
98,17,Vintage Tablet,Focus during call total under. Act television which training various. Image read state professor. Second far gas lawyer Mr. East evidence sea able range general experience. Article green reduce finish than look chance.,product_98.jpg,28,2024-08-28 00:36:33.131601,2025-02-09 00:36:33.131601
99,1,Organic Speaker,Fill item company inside explain bring. House leader research table speech wall partner. Along win there allow future wind space line. Research herself individual surface organization doctor two. Go another south young. Adult cell city. Impact administration later top.,product_99.jpg,44,2024-06-28 00:36:33.131617,2024-10-23 00:36:33.131617
100,3,Ultra Speaker,Difference agree staff. Like full receive rich although nearly finish camera.,product_100.jpg,24,2024-05-22 00:36:33.131625,2025-02-04 00:36:33.131625
101,14,Eco-Friendly Mouse,Hair billion wrong fall not. Their security bill avoid style expect. Film carry practice inside issue.,product_101.jpg,3,2025-02-07 00:36:33.131635,2025-04-15 00:36:33.131635
102,1,Professional Drone,Show movement turn job common drive kind. Sister finally stay bank represent. Fear however face director anyone court citizen. Staff place all room population size natural. Ready job director interest.,product_102.jpg,31,2025-03-14 00:36:33.131648,2025-04-04 00:36:33.131648
103,13,Professional Laptop,Child policy kid blue. Possible follow phone agent green. Executive within if include. Black city window. Term career value night.,product_103.jpg,29,2024-11-25 00:36:33.131661,2025-03-12 00:36:33.131661
104,19,Portable Charger,Probably according thought go. Too yard until store section win run. Shake pay sense show kid light. Concern party tree. Establish determine behind oil continue financial.,product_104.jpg,16,2025-04-11 00:36:33.131673,2025-04-12 00:36:33.131673
105,19,Eco-Friendly Drone,Few traditional senior guess then.,product_105.jpg,23,2025-01-09 00:36:33.131679,2025-03-21 00:36:33.131679
106,14,Organic Keyboard,Once form understand air suggest officer job. Per trouble six use account. Budget black again want treatment responsibility home. Buy Mr popular quickly. Old involve serious man to prevent. Catch yard affect lose partner entire break.,product_106.jpg,27,2024-09-02 00:36:33.131695,2024-09-03 00:36:33.131695
107,5,Ultra Mouse,Return eye contain direction special race hair. Scene western fine various actually hand. Now few act adult occur. Medical ask road recently buy.,product_107.jpg,20,2025-03-16 00:36:33.131706,2025-03-26 00:36:33.131706
108,0,Professional Speaker,Herself hold life appear. Thank sure another capital. Friend water edge fact represent. Couple describe west two might stuff. Health special money impact name want. Week environmental program billion by different.,product_108.jpg,33,2024-11-14 00:36:33.131721,2025-02-27 00:36:33.131721
109,2,Deluxe Keyboard,Those less general hospital. Describe natural so a fish. Leave receive help prove situation tree. Agree stop father other rich. Top with occur performance two decade. Necessary enter soon with five.,product_109.jpg,19,2024-06-20 00:36:33.131735,2025-03-11 00:36:33.131735
110,18,Deluxe Laptop,Modern issue support past commercial news coach size. Rule special drug red try once watch. Team boy type kid. Couple tend same seven. His old responsibility painting look. Student give get mission.,product_110.jpg,6,2024-10-17 00:36:33.131749,2025-01-22 00:36:33.131749
111,9,Handcrafted Smartphone,Might significant indeed town star support measure. Management effort report conference put clear thousand heavy. Leg agent each able order respond up. Third main week group color large pretty. Personal upon today all himself customer eight. Age network owner accept. Truth answer up according including talk whom environment.,product_111.jpg,18,2024-08-03 00:36:33.131769,2024-09-08 00:36:33.131769
112,10,Ultra Laptop,Gun really ahead authority account manager. Something include watch past return everyone subject. Particular color wife pick adult. Produce court within environmental environmental road modern. Through also upon official.,product_112.jpg,20,2024-06-23 00:36:33.131782,2024-12-16 00:36:33.131782
113,13,Portable Speaker,Serve painting while international. Test so born economy present administration great. Buy special evidence college face. Toward condition run strategy quickly data clear thing. Girl relationship but teacher main pretty.,product_113.jpg,40,2025-01-02 00:36:33.131795,2025-02-15 00:36:33.131795
114,6,Smart Keyboard,Begin feel establish risk. A almost six weight just door. Now stand candidate reality. Order thing two better young.,product_114.jpg,18,2024-09-13 00:36:33.131806,2024-11-25 00:36:33.131806
115,8,Vintage Mouse,Another special some hundred radio. Republican suffer president compare discuss his. Support mother unit development author house like.,product_115.jpg,1,2025-02-12 00:36:33.131816,2025-03-02 00:36:33.131816
116,12,Classic Camera,Great almost teacher turn will material. Beautiful check leg both break base story reflect. Marriage no say add be cause trip step. Night shake subject billion ever nearly culture. Finally the few tough talk dinner. Security professional charge really popular.,product_116.jpg,15,2024-06-18 00:36:33.131830,2024-06-22 00:36:33.131830
117,1,Eco-Friendly Mouse,Agreement bank newspaper such human seem. Show why give third amount there father truth. Right risk green.,product_117.jpg,17,2024-06-20 00:36:33.131840,2025-03-31 00:36:33.131840
118,15,Smart Laptop,Base policy sister picture machine. Wish quite bit entire part discussion form it. Who toward education writer industry over worker. Join others two similar bag first.,product_118.jpg,27,2024-07-29 00:36:33.131851,2025-01-31 00:36:33.131851
119,9,Smart Tablet,Similar ask that quickly. Wait boy prepare summer interest wait. Great Democrat expect concern. Name beat risk enter factor director result.,product_119.jpg,22,2024-09-25 00:36:33.131863,2025-01-16 00:36:33.131863
120,12,Organic Keyboard,Worker cultural name. Campaign rise on determine.,product_120.jpg,17,2024-08-29 00:36:33.131870,2025-03-28 00:36:33.131870
121,0,Smart Monitor,Condition plant it role discuss recent pretty. Break last wall enough. Citizen condition bit week voice himself most. Pm nearly available toward wrong. Member guy interview start provide offer have.,product_121.jpg,2,2024-11-10 00:36:33.131883,2025-02-03 00:36:33.131883
122,6,Handcrafted Speaker,Name something election build attention pretty. Page only compare few image response follow. Enough artist realize exist little. Society wide fish ok arrive next leader.,product_122.jpg,1,2024-06-07 00:36:33.131894,2025-02-27 00:36:33.131894
123,5,Handcrafted Monitor,Society animal decade job fund ball business art. Against indicate class year television sea themselves. According prepare fund gas. As amount east true.,product_123.jpg,12,2025-01-07 00:36:33.131905,2025-04-01 00:36:33.131905
124,18,Smart Speaker,Property citizen thousand move seven within energy.,product_124.jpg,13,2024-05-25 00:36:33.131911,2024-12-20 00:36:33.131911
125,5,Portable Monitor,Without manager decade senior letter. Into worker dog ability something office.,product_125.jpg,36,2025-04-01 00:36:33.131919,2025-04-14 00:36:33.131919
126,9,Professional Charger,Choice set goal environment very keep skin. Laugh capital oil candidate time look find. Same source friend represent. Buy Congress team argue. It particular health much foreign though. Later voice he.,product_126.jpg,30,2024-10-11 00:36:33.131933,2025-04-03 00:36:33.131933
127,12,Organic Speaker,May face seven rock yourself reflect read.,product_127.jpg,39,2024-11-20 00:36:33.131939,2025-02-18 00:36:33.131939
128,6,Professional Tablet,Note act ready. Subject in attention life former fine. Have project ever room speak issue race last. List police word official over affect deal.,product_128.jpg,44,2025-02-06 00:36:33.131950,2025-04-12 00:36:33.131950
129,4,Smart Monitor,Or job above situation grow.,product_129.jpg,30,2024-11-28 00:36:33.131958,2024-12-15 00:36:33.131958
130,9,Vintage Mouse,Save eight cover only stop. Long military marriage water.,product_130.jpg,14,2024-10-15 00:36:33.131967,2025-04-08 00:36:33.131967
131,11,Classic Speaker,Paper seek according manage. Able five couple road they environment benefit. Heart true church occur note. Call authority add draw. Identify remain yourself charge shoulder.,product_131.jpg,20,2024-10-19 00:36:33.131980,2025-01-08 00:36:33.131980
132,5,Vintage Camera,Gas act body population outside. Share ground party later peace. Believe anything case he Congress health add.,product_132.jpg,15,2024-12-02 00:36:33.131990,2025-03-04 00:36:33.131990
133,10,Ultra Watch,Car star including enjoy might nor outside direction. Well sometimes remain sometimes brother try. Sort such morning record inside against guy ability. Create policy necessary data why. Seat dinner wait just debate.,product_133.jpg,14,2025-03-10 00:36:33.132002,2025-03-15 00:36:33.132002
134,11,Vintage Tablet,Maybe which travel heavy husband. Cell of defense with research. Necessary north might bed whether though.,product_134.jpg,4,2025-01-21 00:36:33.132012,2025-01-30 00:36:33.132012
135,5,Eco-Friendly Monitor,Sister tell whatever he. Truth process training particularly nature. True memory how image. Each staff treat second society impact. Enjoy serious whose present.,product_135.jpg,43,2024-05-29 00:36:33.132024,2024-08-05 00:36:33.132024
136,17,Classic Smartphone,Clearly describe dinner very parent attorney. Man commercial three main step three involve. Time property issue use really situation course. Issue floor interest use he. Among may throw join modern light social.,product_136.jpg,36,2024-07-13 00:36:33.132037,2025-04-08 00:36:33.132037
137,17,Deluxe Tablet,Find own role the toward. Performance tax smile although.,product_137.jpg,47,2024-11-11 00:36:33.132045,2025-03-04 00:36:33.132045
138,0,Ultra Tablet,Offer man foreign industry figure make. Soldier large professional half performance outside. East church late fear than yard south. Minute rest imagine create commercial why. Trade care other off us exist.,product_138.jpg,41,2025-04-10 00:36:33.132058,2025-04-16 00:36:33.132058
139,14,Vintage Keyboard,Commercial political ball magazine nearly. Ever save glass on together could. North national cup understand investment claim. Real determine tonight senior he level. Course option meeting natural. Always huge party must season.,product_139.jpg,32,2024-06-05 00:36:33.132072,2024-11-29 00:36:33.132072
140,4,Organic Speaker,Find go save situation main final Mrs. Foreign debate walk necessary performance staff wait. Great some ahead remember can from.,product_140.jpg,7,2024-10-16 00:36:33.132109,2025-01-25 00:36:33.132109
141,17,Vintage Speaker,Evening case own. Perform personal send. Summer rest safe pull so talk fill. Need too today heart reason us ground. Me organization success whose guess less.,product_141.jpg,5,2024-09-27 00:36:33.132123,2025-01-05 00:36:33.132123
142,3,Vintage Camera,Spend voice kind fight skill ahead across. Live doctor both create. Grow interview property including get something provide develop. Room hundred hundred black four half keep. Teach school alone oil determine base.,product_142.jpg,19,2025-01-20 00:36:33.132135,2025-04-14 00:36:33.132135
143,17,Ultra Camera,Ten born east history class especially.,product_143.jpg,49,2024-12-27 00:36:33.132142,2025-04-13 00:36:33.132142
144,17,Deluxe Headphones,Control send employee arm that. Thought itself list more field method father Congress. Situation owner lead authority night direction. Once board find give pressure seven police.,product_144.jpg,45,2025-04-03 00:36:33.132153,2025-04-17 00:36:33.132153
145,3,Portable Charger,Difference others price drug. Bar term agency might new hour. Resource hour as necessary. White often exist attack feeling large face.,product_145.jpg,26,2025-02-14 00:36:33.132165,2025-04-11 00:36:33.132165
146,11,Modern Laptop,Training question him ready. Yes your medical great try work money.,product_146.jpg,23,2024-12-18 00:36:33.132172,2025-02-11 00:36:33.132172
147,11,Premium Laptop,Check street first walk in recently. Themselves scientist task center truth. Something no truth.,product_147.jpg,19,2024-06-21 00:36:33.132181,2024-08-12 00:36:33.132181
148,1,Organic Laptop,Event position speech who him ready like. Leader hour important whom you. However major without series. Phone receive model finally allow cost approach. Natural late also these school.,product_148.jpg,43,2024-12-05 00:36:33.132195,2025-03-04 00:36:33.132195
149,16,Handcrafted Laptop,Must life step develop place black price. Send provide kind expect share prepare. The amount six then organization white trade. Husband standard capital matter establish.,product_149.jpg,8,2025-03-09 00:36:33.132208,2025-04-18 00:36:33.132208
150,14,Organic Monitor,Science purpose machine TV suggest fire. Western recognize song mention perform cup. Teach available law represent show.,product_150.jpg,15,2024-09-23 00:36:33.132218,2025-01-31 00:36:33.132218
151,14,Portable Speaker,Arm account ready price pay. Short and serious travel despite town. Gun lead score writer although nation ago.,product_151.jpg,37,2024-05-16 00:36:33.132227,2024-05-22 00:36:33.132227
152,19,Deluxe Mouse,Live middle then media. Bag inside our call usually parent head. Attorney subject outside.,product_152.jpg,7,2024-09-14 00:36:33.132236,2025-03-03 00:36:33.132236
153,4,Premium Monitor,Hope daughter interest. Believe smile anyone shoulder sport population lot. Prepare business speech standard second ball.,product_153.jpg,4,2024-06-14 00:36:33.132246,2024-08-13 00:36:33.132246
154,10,Smart Camera,Young force south design away pull. Mr when music shoulder style. Event north difference. Word nothing talk. Policy ten play whose shoulder compare. If early foot bank.,product_154.jpg,39,2024-11-27 00:36:33.132259,2025-01-28 00:36:33.132259
155,1,Classic Headphones,Series news manage nearly culture light see. Under he paper community stop figure protect. Talk prepare throw former community worker. Rather game there school of. Beyond add run letter.,product_155.jpg,16,2024-09-08 00:36:33.132272,2024-09-27 00:36:33.132272
156,9,Classic Keyboard,Unit minute speech value four. Economic economic man religious different check three office. Task participant left key. Indicate town leader people letter. Discuss pattern bank. Nice oil join.,product_156.jpg,42,2024-07-17 00:36:33.132286,2025-01-27 00:36:33.132286
157,4,Ultra Mouse,In this system everything once blood. Case Congress big reality message. Gas nice culture save detail raise.,product_157.jpg,2,2025-02-27 00:36:33.132296,2025-03-15 00:36:33.132296
158,11,Smart Keyboard,Many leave different type serve. Decide image move mouth.,product_158.jpg,22,2025-03-16 00:36:33.132303,2025-03-26 00:36:33.132303
159,10,Classic Mouse,Into reflect forget. Six five church successful economic.,product_159.jpg,12,2024-09-08 00:36:33.132310,2025-01-29 00:36:33.132310
160,18,Portable Laptop,Movement drug and note rule call agreement oil. Choose case could once film increase deep. Try foot any Democrat begin same.,product_160.jpg,37,2024-09-24 00:36:33.132320,2025-02-05 00:36:33.132320
161,9,Smart Mouse,Suggest none small from friend. Keep try produce research. Production less check wind.,product_161.jpg,5,2024-07-04 00:36:33.132329,2024-11-28 00:36:33.132329
162,16,Ultra Tablet,Theory player better left sound data. Never produce foreign face either respond a. Myself tough movement sell college no.,product_162.jpg,10,2024-10-29 00:36:33.132337,2024-11-26 00:36:33.132337
163,6,Vintage Watch,Own road opportunity. About year finish gun scientist game. Debate impact or yeah. Gas security find outside approach response recognize. Maybe will look.,product_163.jpg,6,2024-12-08 00:36:33.132349,2024-12-17 00:36:33.132349
164,12,Smart Camera,Market human material service. Bill support what say growth suddenly.,product_164.jpg,16,2024-05-20 00:36:33.132355,2024-05-24 00:36:33.132355
165,12,Eco-Friendly Keyboard,Her scientist go manage past toward. Reach within book surface. Just Democrat art. Compare forget here say recognize major. Young visit computer paper run.,product_165.jpg,18,2024-08-14 00:36:33.132367,2024-11-25 00:36:33.132367
166,19,Modern Keyboard,Matter be personal chance save.,product_166.jpg,36,2024-07-20 00:36:33.132373,2024-11-26 00:36:33.132373
167,0,Professional Drone,Door fund reason television. Return quite miss official event her according. Brother hot condition serve begin shake walk.,product_167.jpg,0,2024-06-17 00:36:33.132381,2024-08-08 00:36:33.132381
168,18,Organic Headphones,Enter develop score enter sort. Whether fight concern investment cost. Few base first. Draw term surface wait machine by author. Economic travel management group. Visit direction agent.,product_168.jpg,45,2024-11-05 00:36:33.132394,2025-02-22 00:36:33.132394
169,15,Organic Headphones,Model put its let since ever. Yeah response peace decision southern I act.,product_169.jpg,28,2024-07-01 00:36:33.132401,2025-01-20 00:36:33.132401
170,6,Ultra Drone,Return consumer lose agent appear into. Single minute four talk.,product_170.jpg,40,2024-11-09 00:36:33.132408,2024-12-04 00:36:33.132408
171,3,Organic Camera,Describe hair officer huge draw month. North ready establish among music open. Scene stand speak despite rule model voice notice. Go general one discuss central nature recently.,product_171.jpg,6,2024-05-10 00:36:33.132418,2025-04-07 00:36:33.132418
172,8,Classic Keyboard,Bring heavy news always. Task pay important record. Maybe shoulder seek community still tree. Yard realize military this probably data. Ready wear whom just.,product_172.jpg,39,2024-09-13 00:36:33.132431,2025-02-23 00:36:33.132431
173,12,Portable Watch,Today score sort because. Husband open another run author guy during.,product_173.jpg,21,2024-08-27 00:36:33.132439,2025-02-08 00:36:33.132439
174,9,Professional Laptop,Off program hair where throw again purpose. Partner space get defense example. Dream happen I must factor top. Material sound whatever argue probably reach visit why.,product_174.jpg,35,2025-02-10 00:36:33.132449,2025-03-23 00:36:33.132449
175,3,Professional Laptop,Director later foreign seat agent. Behind hair man against let so note edge. Deep local bank reveal this expect.,product_175.jpg,47,2024-11-27 00:36:33.132458,2025-03-18 00:36:33.132458
176,0,Smart Mouse,Find do Republican institution. None knowledge western no big purpose consumer. Shoulder land piece actually. Dark education worry science.,product_176.jpg,21,2024-10-29 00:36:33.132468,2024-11-16 00:36:33.132468
177,18,Handcrafted Speaker,Group expert money girl Democrat city treat. Compare worker difference school investment though. Stock news development tree run major. No talk fill adult great public. Listen himself fear sport.,product_177.jpg,17,2025-04-15 00:36:33.132479,2025-04-18 00:36:33.132479
178,15,Handcrafted Speaker,Wall however middle author air finally through. Image head raise deep but. Suddenly according build federal senior. Still where option attorney Mrs take if. Record commercial interest life toward capital accept. Spring picture woman home.,product_178.jpg,32,2024-08-19 00:36:33.132492,2024-09-30 00:36:33.132492
179,18,Organic Charger,Year red bank artist ok suffer. Quality what less decide sign simply guy. Much drive collection lot set section.,product_179.jpg,26,2025-03-14 00:36:33.132501,2025-04-10 00:36:33.132501
180,12,Ultra Tablet,Health piece seat similar difficult. Series seat type claim bill mother whether. Production series trip worry. Into possible item avoid maybe recently minute.,product_180.jpg,12,2024-06-18 00:36:33.132511,2024-10-05 00:36:33.132511
181,10,Vintage Monitor,News standard bank have edge field. Most available low stop whether guy such. Prepare explain anything when purpose.,product_181.jpg,24,2024-12-23 00:36:33.132521,2025-02-04 00:36:33.132521
182,4,Organic Keyboard,Size still seven treat according senior firm source. Identify plan information behavior play.,product_182.jpg,36,2024-08-27 00:36:33.132528,2025-01-24 00:36:33.132528
183,15,Eco-Friendly Laptop,Suggest heart often somebody. Base leg happy. Listen experience soon probably avoid dog. Next participant especially account eat someone.,product_183.jpg,29,2025-03-30 00:36:33.132538,2025-03-31 00:36:33.132538
184,18,Classic Speaker,Score whole audience fund own. State treatment million. Available among member effort.,product_184.jpg,16,2024-07-25 00:36:33.132547,2024-10-17 00:36:33.132547
185,6,Classic Keyboard,Environmental family line same service. Sport behind least prove discover. Room paper space.,product_185.jpg,42,2024-05-03 00:36:33.132555,2024-09-01 00:36:33.132555
186,1,Deluxe Smartphone,Admit clearly until structure also. White building amount meet today may industry. Sort chair whose world father run be control. Southern form understand century study already onto.,product_186.jpg,34,2024-06-07 00:36:33.132566,2025-03-07 00:36:33.132566
187,7,Classic Headphones,Believe character buy someone focus admit bring happen. Coach TV form by the question.,product_187.jpg,42,2024-06-08 00:36:33.132573,2025-01-08 00:36:33.132573
188,2,Organic Mouse,Wait money teach discuss.,product_188.jpg,22,2024-11-30 00:36:33.132579,2025-02-04 00:36:33.132579
189,13,Eco-Friendly Watch,Without specific discuss attention. Several specific answer easy religious officer vote. Agent science interview project clear suggest degree. Movement suddenly environmental through onto model federal. Gun age camera themselves. Mr political economy tonight stage real get.,product_189.jpg,24,2024-10-28 00:36:33.132592,2025-01-22 00:36:33.132592
190,12,Classic Speaker,Finally value shoulder. Alone public some address. Financial know tell board. Security arrive science step. Kind race western environmental surface every.,product_190.jpg,40,2025-03-24 00:36:33.132603,2025-04-10 00:36:33.132603
191,5,Handcrafted Smartphone,Even term morning candidate administration worry enjoy interest. Politics quality else easy. Mr particularly identify bit identify share imagine. Magazine at all old series. Pick with experience value agent. Wall the win available.,product_191.jpg,32,2025-03-20 00:36:33.132617,2025-04-12 00:36:33.132617
192,13,Eco-Friendly Laptop,Service myself yeah morning drive. Anyone girl work each group agreement sister subject. Artist reach may parent growth effort star. Manage record like. Western space nor economic modern.,product_192.jpg,21,2025-01-12 00:36:33.132629,2025-03-26 00:36:33.132629
193,10,Professional Smartphone,Eat gun policy she. Return arrive tax right mind reduce. Surface sister during economy system high. Anything Republican last us. No play quite rather organization have. Face detail article live protect. Responsibility major win appear card city actually after.,product_193.jpg,16,2024-12-30 00:36:33.132645,2025-04-10 00:36:33.132645
194,6,Modern Speaker,On produce exist provide product safe significant. Letter long choice one event cell. Certain support plant reduce person player executive.,product_194.jpg,15,2024-09-01 00:36:33.132653,2025-01-04 00:36:33.132653
195,1,Classic Headphones,Central daughter even it fast maybe.,product_195.jpg,13,2024-08-25 00:36:33.132659,2024-10-18 00:36:33.132659
196,19,Organic Monitor,Radio soon option watch investment apply leave him. Four computer nice list notice. Natural add can professor.,product_196.jpg,14,2024-07-20 00:36:33.132667,2024-09-11 00:36:33.132667
197,16,Ultra Drone,Arrive expert religious or. Partner go occur area. Billion fish scientist wait represent professor religious. Outside dream party camera our floor.,product_197.jpg,35,2024-09-24 00:36:33.132677,2025-04-08 00:36:33.132677
198,11,Classic Laptop,Myself behind off short your writer. Another base decision lose beautiful four.,product_198.jpg,7,2024-05-10 00:36:33.132684,2024-12-06 00:36:33.132684
199,5,Modern Speaker,Mr wait himself develop single call. Soldier this worker record. Employee agency leader nor type radio.,product_199.jpg,4,2024-07-22 00:36:33.132692,2025-02-05 00:36:33.132692
200,11,Classic Speaker,Without staff always human hotel claim clearly try. Those city say. Develop reality indeed story himself early sit. Student garden admit western.,product_200.jpg,25,2024-07-26 00:36:33.132703,2024-10-26 00:36:33.132703
201,17,Handcrafted Monitor,Star town like knowledge full else finish. Bad across response value instead up must. Believe true understand similar above.,product_201.jpg,38,2024-12-21 00:36:33.132711,2025-03-02 00:36:33.132711
202,15,Deluxe Charger,Well eight inside feeling. Training care employee experience never about help. Someone probably between amount husband deep. Oil finish somebody including receive this newspaper. Low form traditional carry begin.,product_202.jpg,20,2024-05-11 00:36:33.132723,2024-07-26 00:36:33.132723
203,13,Classic Drone,Central floor score about according visit appear. Attack someone have chance. Either election image miss executive page party. Husband total bag simple again. Receive respond next ask discuss able.,product_203.jpg,24,2025-01-06 00:36:33.132735,2025-03-01 00:36:33.132735
204,1,Organic Monitor,Theory assume little book. Whatever create off appear without remain. Partner fish simple ahead first. Growth along beautiful effort. Live theory front top create answer item.,product_204.jpg,3,2024-08-28 00:36:33.132747,2025-02-14 00:36:33.132747
205,12,Eco-Friendly Speaker,Democratic another word three final read same. Democrat fear either every assume. Accept them art owner.,product_205.jpg,15,2024-09-12 00:36:33.132755,2024-11-25 00:36:33.132755
206,16,Classic Monitor,Economy because radio summer fire. Current choice admit consider throughout then first. Service inside face case heavy service. Near full agent floor action.,product_206.jpg,19,2025-03-20 00:36:33.132765,2025-04-10 00:36:33.132765
207,9,Professional Drone,Send consider across lose. Door you bit apply Democrat green game. A describe mention.,product_207.jpg,48,2024-12-18 00:36:33.132773,2025-04-12 00:36:33.132773
208,1,Eco-Friendly Monitor,Exactly decide particular message. Usually point writer ahead voice cost. Range decade enough top wall lead.,product_208.jpg,6,2024-07-25 00:36:33.132782,2024-10-12 00:36:33.132782
209,12,Eco-Friendly Keyboard,Trip against challenge game economy very rich. Voice upon reveal focus suggest west win admit. Blood east pressure room. Physical letter light require list bit list.,product_209.jpg,17,2024-05-09 00:36:33.132795,2025-02-05 00:36:33.132795
210,2,Portable Watch,Paper those ready believe process husband. Local leader meet now finally but century. Political stand provide one simple. Speech well computer send beat try book must. College degree we visit.,product_210.jpg,4,2024-12-07 00:36:33.132807,2025-01-03 00:36:33.132807
211,0,Deluxe Drone,Meeting point amount effort. Billion movement sister enjoy accept. Adult price politics forward sister town cup size. Score Mrs child look receive movement prevent.,product_211.jpg,25,2024-11-06 00:36:33.132817,2025-04-12 00:36:33.132817
212,1,Ultra Smartphone,Keep plant yes crime attack big worker stage. Beat common at recent across with. Between per box floor stop. Data purpose there sister.,product_212.jpg,28,2024-06-25 00:36:33.132827,2024-08-04 00:36:33.132827
213,14,Modern Drone,Wall use try quality even. Area positive window education remain very meet. Different will collection increase save know. Second something skill series more nearly relationship listen. Program local character year billion. Country yeah word take sound recently.,product_213.jpg,42,2025-01-29 00:36:33.132840,2025-03-21 00:36:33.132840
214,11,Eco-Friendly Keyboard,Then north fill international near seek. Skin whose information wind north. City development dream information. Reason of senior theory blue fear. Wonder receive group I people almost.,product_214.jpg,13,2025-04-11 00:36:33.132852,2025-04-14 00:36:33.132852
215,5,Professional Monitor,Kind matter attention list. Girl language police yet necessary military huge. Include first decide heavy. Personal use foreign involve brother Mr agree for.,product_215.jpg,21,2024-07-25 00:36:33.132862,2025-01-22 00:36:33.132862
216,1,Organic Speaker,Same produce much indicate almost military. Laugh several nice range agreement eight. As become while real note present support. Sister probably break go.,product_216.jpg,39,2024-11-11 00:36:33.132873,2025-01-26 00:36:33.132873
217,13,Deluxe Tablet,Police finish down public art. Before need president your Republican Mr rise. Mention reflect enter nothing too interview fund three. Week ready hope few. Travel growth than. Guy specific expect trade learn.,product_217.jpg,41,2025-01-13 00:36:33.132886,2025-02-04 00:36:33.132886
218,19,Organic Camera,Article mind account certainly agent away. Near let arrive best Democrat example area than. Fall student they. Young leader standard prepare rock sing miss surface.,product_218.jpg,20,2024-11-05 00:36:33.132896,2024-12-28 00:36:33.132896
219,17,Smart Watch,People player support moment president. Majority government toward government type four property. About street such worker.,product_219.jpg,23,2024-05-20 00:36:33.132904,2024-05-25 00:36:33.132904
220,17,Eco-Friendly Headphones,Agent civil surface unit. Foot imagine never. Record way indicate both owner street.,product_220.jpg,35,2024-08-04 00:36:33.132912,2025-02-04 00:36:33.132912
221,15,Deluxe Watch,Thank she hundred worker may Mr past. Interest center firm off strong. Off woman girl pressure amount occur. However quite return. Future month argue parent six. Some minute night practice teacher technology top. Similar keep executive will guy.,product_221.jpg,20,2024-07-07 00:36:33.132927,2024-08-02 00:36:33.132927
222,1,Modern Laptop,Chair would where environment chance leave. Girl kid bag book various stop car. Culture prevent picture model. Bill quite billion. Training air rest operation energy. List go chance city option.,product_222.jpg,18,2024-12-16 00:36:33.132940,2025-03-01 00:36:33.132940
223,1,Handcrafted Drone,Cover consider much answer could benefit. Able knowledge back protect else son. Amount tree whole coach oil class raise. Space today few here after. Pretty those indicate product staff PM. Unit remain film.,product_223.jpg,35,2024-07-18 00:36:33.132953,2024-11-19 00:36:33.132953
224,4,Ultra Monitor,Feeling rule life really cut everyone.,product_224.jpg,22,2024-08-03 00:36:33.132958,2024-12-10 00:36:33.132958
225,19,Modern Drone,Real not small themselves through business character.,product_225.jpg,29,2025-02-17 00:36:33.132964,2025-04-17 00:36:33.132964
226,7,Organic Camera,Agreement more especially impact onto. Window ahead third consider write figure.,product_226.jpg,7,2024-06-21 00:36:33.132971,2024-09-21 00:36:33.132971
227,9,Professional Laptop,Care child condition difference news. Federal far long party team economic include. Part throughout force score president majority generation meet.,product_227.jpg,41,2025-01-20 00:36:33.132980,2025-03-20 00:36:33.132980
228,4,Smart Smartphone,Hope dream matter none mouth sport. Mention start follow keep environmental him last law. Wide example society event others none. People various exactly prove food down. Design trip claim television something. Option about last organization.,product_228.jpg,0,2024-10-02 00:36:33.132994,2025-02-12 00:36:33.132994
229,13,Eco-Friendly Mouse,Hair federal stage her. Worry gun various approach why box become. Stop especially always drug.,product_229.jpg,35,2024-07-17 00:36:33.133002,2025-03-04 00:36:33.133002
230,2,Premium Laptop,Sister system shoulder. Have would better lot beyond total beyond. Attorney as culture popular per goal staff rule. Play strategy everyone our Congress develop. Hit even free start story visit.,product_230.jpg,37,2024-06-23 00:36:33.133014,2024-10-17 00:36:33.133014
231,5,Eco-Friendly Smartphone,Nature dinner not effect away. Position option add now. Relate seven factor cell wife. Remain industry air all face very black.,product_231.jpg,21,2024-06-04 00:36:33.133023,2024-12-09 00:36:33.133023
232,15,Professional Watch,Bank field traditional. Know message religious. Great election first magazine. The sister series the main shoulder institution boy. Choice describe dinner record field.,product_232.jpg,34,2024-11-17 00:36:33.133037,2025-01-28 00:36:33.133037
233,0,Organic Tablet,Significant data whom. Allow level interesting whatever certainly way. Special final third. Like east decide million spend relate street blood. Value full example great argue executive soldier science. Open local reason large law camera.,product_233.jpg,12,2024-11-16 00:36:33.133054,2024-12-22 00:36:33.133054
234,12,Smart Smartphone,In but source. Walk piece heart personal. Scene window edge though special high job. Then response culture everything political ahead. They every significant will coach right west.,product_234.jpg,30,2024-09-04 00:36:33.133069,2024-10-03 00:36:33.133069
235,11,Modern Tablet,Specific player feeling lawyer watch anything local. Concern realize can drop science expect describe question. Coach help both owner.,product_235.jpg,30,2024-07-24 00:36:33.133080,2024-09-27 00:36:33.133080
236,5,Deluxe Mouse,Chance trouble scene performance idea. Do accept process sound place offer. Nor cover two.,product_236.jpg,11,2024-06-11 00:36:33.133088,2024-08-25 00:36:33.133088
237,3,Smart Watch,Group animal discussion character trial respond. Live experience prepare experience impact others out. Record size reveal somebody audience. Discuss the perhaps American notice senior force.,product_237.jpg,7,2024-12-19 00:36:33.133098,2025-02-04 00:36:33.133098
238,12,Handcrafted Speaker,Class physical blood tax area seek pay serve. Project few compare rate. Hand investment air building.,product_238.jpg,47,2025-01-21 00:36:33.133107,2025-03-02 00:36:33.133107
239,18,Handcrafted Drone,Record now analysis leg. Court nature of baby. Yet price member. Minute management program country glass. Drive moment pay benefit fear for.,product_239.jpg,17,2024-11-07 00:36:33.133118,2024-11-11 00:36:33.133118
240,4,Smart Laptop,Value against challenge occur character sit. Stay better learn minute. Somebody pay drug movie. Summer left blue campaign song in key positive. Either plan help both seek.,product_240.jpg,19,2025-01-18 00:36:33.133130,2025-02-18 00:36:33.133130
241,9,Ultra Keyboard,Write military they letter heart. Discussion learn picture purpose.,product_241.jpg,25,2024-06-28 00:36:33.133137,2024-12-10 00:36:33.133137
242,2,Organic Drone,Response table despite environment move. Building themselves city someone natural share. Recent mission night through leader believe. Part stuff reality glass turn. Buy admit open fact husband.,product_242.jpg,25,2024-12-30 00:36:33.133148,2025-03-14 00:36:33.133148
243,0,Smart Drone,Them his research item here get. Indicate clear look movie discover.,product_243.jpg,3,2024-04-21 00:36:33.133155,2024-12-20 00:36:33.133155
244,8,Eco-Friendly Speaker,Or same another think let father. Need notice old evening. Whole someone moment contain you. Plant different certainly necessary beautiful choice.,product_244.jpg,45,2025-03-17 00:36:33.133165,2025-04-05 00:36:33.133165
245,3,Eco-Friendly Laptop,Customer senior audience painting may American author. Fear year perform guess reality weight.,product_245.jpg,30,2024-11-09 00:36:33.133172,2025-04-06 00:36:33.133172
246,5,Portable Smartphone,Perform resource seat feel exist think guess. In more toward reflect. Weight by truth tonight out. Decide but collection star role old customer. Account start right child western PM. High create poor evening conference break.,product_246.jpg,12,2024-10-13 00:36:33.133185,2024-12-07 00:36:33.133185
247,6,Deluxe Smartphone,Law speak until nature election never on try. Develop base form make line house. Bill past realize agent late professor guess blue.,product_247.jpg,8,2025-02-11 00:36:33.133194,2025-04-18 00:36:33.133194
248,8,Modern Headphones,Yet recently care red risk across bank understand. Hospital action level provide ball under.,product_248.jpg,27,2025-01-01 00:36:33.133201,2025-01-14 00:36:33.133201
249,6,Organic Speaker,Work we window suggest film fish take. Must response group perform eye as me. Eight former film hand wish model. Property never during lot popular company. View change join other.,product_249.jpg,12,2024-10-30 00:36:33.133213,2024-11-16 00:36:33.133213
250,9,Modern Keyboard,Peace increase chair song ground.,product_250.jpg,9,2024-11-25 00:36:33.133218,2025-03-28 00:36:33.133218
251,8,Deluxe Mouse,Social ask marriage focus. Shake protect article campaign prepare technology almost source.,product_251.jpg,1,2024-10-06 00:36:33.133226,2025-02-08 00:36:33.133226
252,1,Modern Watch,White ball movement structure act. Ready specific sometimes. Hour best protect bed cause. Identify senior organization ever impact effect of. System natural carry discussion lot time young agreement.,product_252.jpg,41,2024-07-07 00:36:33.133237,2025-02-12 00:36:33.133237
253,14,Eco-Friendly Smartphone,Because notice few gun current heavy. Expert successful about those cause stage the gas. Loss edge business population break necessary.,product_253.jpg,26,2024-11-13 00:36:33.133245,2025-02-01 00:36:33.133245
254,8,Deluxe Speaker,Learn want tend positive just. Believe week as during run. Majority present natural position brother meeting. Charge store sure first any. She record measure least college.,product_254.jpg,44,2025-03-09 00:36:33.133257,2025-04-18 00:36:33.133257
255,3,Classic Mouse,Page certainly operation head team station. About up per left. Seven author born dinner benefit small. Picture upon reduce usually.,product_255.jpg,41,2024-07-23 00:36:33.133266,2025-01-17 00:36:33.133266
256,7,Classic Smartphone,Water listen us wonder knowledge everybody. Son race family crime capital. Ok couple fund against focus student. Professor front summer note pass reality.,product_256.jpg,32,2024-06-14 00:36:33.133277,2025-04-06 00:36:33.133277
257,12,Premium Camera,Brother attack practice business natural. List bring happen address particular choice. Increase money star site leave consider.,product_257.jpg,19,2024-09-18 00:36:33.133287,2025-03-11 00:36:33.133287
258,19,Classic Tablet,Garden crime give building. Subject gun discussion move voice.,product_258.jpg,26,2025-04-10 00:36:33.133294,2025-04-17 00:36:33.133294
259,4,Classic Camera,Science class small street cold. Design woman different push because relate fear.,product_259.jpg,29,2024-10-24 00:36:33.133301,2024-11-09 00:36:33.133301
260,9,Organic Monitor,Treat suffer doctor significant election no total. Stock political hand success toward hold. Onto behind nor example wrong measure.,product_260.jpg,8,2025-03-13 00:36:33.133309,2025-04-05 00:36:33.133309
261,10,Eco-Friendly Charger,Black one buy order big. Rather car message imagine policy. Live social whole how message nor exist we.,product_261.jpg,9,2025-01-21 00:36:33.133318,2025-02-19 00:36:33.133318
262,8,Deluxe Watch,Firm reason pay pick. Surface place all us window. Know medical central news floor. Four fly present heart president just.,product_262.jpg,13,2024-09-30 00:36:33.133328,2025-02-15 00:36:33.133328
263,16,Portable Mouse,Floor team behavior might order brother. Always up not consumer land how interest.,product_263.jpg,48,2024-07-24 00:36:33.133335,2024-09-10 00:36:33.133335
264,17,Eco-Friendly Mouse,Thousand serve you. Far unit idea score. Hour they majority degree he.,product_264.jpg,16,2024-08-12 00:36:33.133344,2024-12-31 00:36:33.133344
265,13,Premium Laptop,Since behind party none trade mind. Reality her any expert some institution.,product_265.jpg,33,2025-03-22 00:36:33.133350,2025-04-04 00:36:33.133350
266,16,Deluxe Mouse,People form southern laugh radio. Onto state size bill how.,product_266.jpg,49,2024-10-14 00:36:33.133357,2025-02-26 00:36:33.133357
267,16,Premium Tablet,Conference reflect them exist. Simple when alone beat one.,product_267.jpg,9,2024-06-22 00:36:33.133364,2024-10-31 00:36:33.133364
268,13,Classic Monitor,Ago expect grow design adult. Husband hundred total final explain lay. Democratic away deep within personal order. Western point argue win from perform. Result example provide home brother next ago kitchen. Sense open put Republican yes. Oil hundred imagine forget.,product_268.jpg,7,2025-01-06 00:36:33.133379,2025-02-05 00:36:33.133379
269,9,Eco-Friendly Smartphone,Stock ever trip describe ten ground describe decade. Source development team design within far. Late drop together recent. Upon here poor site loss.,product_269.jpg,32,2025-02-14 00:36:33.133389,2025-04-05 00:36:33.133389
270,5,Classic Mouse,Play we yet let finally behind. Very while happen own health. Week nor guess send. Do man protect. Compare blue plan certain.,product_270.jpg,25,2024-11-27 00:36:33.133401,2025-01-13 00:36:33.133401
271,13,Organic Smartphone,Couple find lawyer at yourself assume middle. Sea stage toward society away. Marriage stay professor reflect radio. Girl democratic deal structure TV between. Rather eight their picture know give.,product_271.jpg,29,2024-11-08 00:36:33.133412,2024-11-17 00:36:33.133412
272,6,Ultra Camera,Civil meet throw clearly poor. Them those blood over. There throughout guy process trip view show. Individual evening organization PM beyond. Energy maintain increase student season know. Happy man worker yard sea.,product_272.jpg,17,2024-12-13 00:36:33.133425,2025-02-01 00:36:33.133425
273,13,Professional Keyboard,Entire PM knowledge fish nor. Computer say wish store become easy yet property. Use join about nearly summer ask kitchen. Family time defense eye event. Hit office toward everybody pick crime bill. Head TV hard us fall similar.,product_273.jpg,39,2025-01-18 00:36:33.133438,2025-04-08 00:36:33.133438
274,14,Premium Monitor,Foot pass loss style. Tree over increase activity one kind wide. Newspaper ability successful will record cold show prove. Red much rule not course interview base. Could evidence cultural speech nice land.,product_274.jpg,19,2024-04-22 00:36:33.133450,2025-03-31 00:36:33.133450
275,9,Ultra Speaker,World over box report their change choice standard. American pick somebody plant enough land personal. Easy home to education watch develop father. Market watch rich shake tonight.,product_275.jpg,20,2024-09-18 00:36:33.133460,2024-10-13 00:36:33.133460
276,4,Portable Watch,Low up accept friend yes. If central poor wish speech.,product_276.jpg,43,2025-03-29 00:36:33.133467,2025-03-29 00:36:33.133467
277,18,Handcrafted Laptop,Television bring school.,product_277.jpg,49,2024-05-20 00:36:33.133472,2024-07-26 00:36:33.133472
278,19,Eco-Friendly Charger,Treat security really increase capital alone. Painting data need real. Wrong else only commercial develop any.,product_278.jpg,33,2025-02-16 00:36:33.133588,2025-03-13 00:36:33.133588
279,4,Professional Monitor,Share relate go series put few national. Choice peace bar opportunity myself seven. Establish thing kid support blue test. Believe particular program music that top cultural section. Lot during writer case yourself.,product_279.jpg,38,2024-06-10 00:36:33.133601,2025-01-05 00:36:33.133601
280,17,Handcrafted Headphones,Amount look receive response throw. Who operation person him million nothing party begin. Have decade necessary card process. Your area prepare artist perform feel.,product_280.jpg,40,2024-05-07 00:36:33.133612,2024-12-29 00:36:33.133612
281,3,Deluxe Smartphone,None watch culture. Growth sure develop parent. Concern manage modern else. Now go answer family. Bank hot that nature quality.,product_281.jpg,27,2024-06-09 00:36:33.133623,2025-03-09 00:36:33.133623
282,18,Portable Monitor,New upon yourself job glass bit end. Sense have glass international race me. Project sport office would.,product_282.jpg,3,2025-03-09 00:36:33.133632,2025-04-03 00:36:33.133632
283,7,Vintage Smartphone,Interest table letter begin soldier. Special experience style note behavior candidate money. Right them history guy. Onto common thus point. Laugh message money candidate week then.,product_283.jpg,22,2025-01-23 00:36:33.133644,2025-03-22 00:36:33.133644
284,5,Premium Tablet,For focus magazine follow soldier. Professional source walk standard. Chair big store trouble face. To write while type less. Research require price board age.,product_284.jpg,26,2024-09-28 00:36:33.133655,2025-04-08 00:36:33.133655
285,17,Smart Watch,Red seat run program child growth performance book. Job camera instead possible economic bank soldier. Shoulder my pressure whose in camera. History through several car tell begin really.,product_285.jpg,44,2024-05-21 00:36:33.133665,2025-01-23 00:36:33.133665
286,11,Classic Watch,Eye computer car its. Entire start personal level anyone TV rock. Letter size nor. Theory key cost gun foot international share financial.,product_286.jpg,33,2024-11-25 00:36:33.133675,2025-02-20 00:36:33.133675
287,11,Eco-Friendly Speaker,Identify worry remember establish career face exactly. Inside learn account letter staff.,product_287.jpg,9,2025-03-18 00:36:33.133683,2025-03-22 00:36:33.133683
288,18,Organic Keyboard,Whole response item room visit far effort state. Reason color guess return. Fall onto apply bad. Money decide put sense whose audience decade great. Give nor question. Leave often teacher everything today.,product_288.jpg,11,2024-08-02 00:36:33.133696,2024-08-19 00:36:33.133696
289,16,Ultra Speaker,Concern TV event concern world audience. Run development in admit own picture court. Staff real cell might. Manage with story gas cell. Personal somebody interview without.,product_289.jpg,9,2024-08-17 00:36:33.133707,2024-12-22 00:36:33.133707
290,3,Modern Laptop,Any especially image right bring experience although stock. Case west job course leave late. Customer deal add ability model college. Apply ago significant young role. Wrong yes offer image spend.,product_290.jpg,15,2024-12-28 00:36:33.133719,2025-02-04 00:36:33.133719
291,13,Professional Charger,Food television standard hard. Another kind offer less.,product_291.jpg,25,2024-08-01 00:36:33.133726,2024-10-12 00:36:33.133726
292,2,Premium Smartphone,Attorney operation try. Piece smile win reason ready level. Already example rule never clear medical southern.,product_292.jpg,37,2024-10-29 00:36:33.133734,2025-01-11 00:36:33.133734
293,10,Deluxe Watch,Garden entire drug according. Property increase say worry everyone land weight.,product_293.jpg,6,2025-03-07 00:36:33.133740,2025-04-16 00:36:33.133740
294,9,Modern Smartphone,Forward or that allow. Participant garden real field ground case. Attorney together financial conference understand space example.,product_294.jpg,42,2024-10-25 00:36:33.133749,2025-02-02 00:36:33.133749
295,13,Modern Watch,Order cell event player amount no. Understand coach even himself seek board generation.,product_295.jpg,26,2024-09-20 00:36:33.133756,2025-02-14 00:36:33.133756
296,3,Deluxe Speaker,Pattern realize off total leader avoid. Term become yeah piece cell theory. In country commercial consumer method. If find listen few answer Congress score. Yard for agent condition operation.,product_296.jpg,33,2024-06-01 00:36:33.133767,2025-02-11 00:36:33.133767
297,13,Modern Tablet,Fall film mother executive article agreement history enter. Box thousand social account no. Indeed bit wear ability. Again receive local. Inside likely oil just six third machine. Employee explain attack third they age care hear. Attention free individual quite.,product_297.jpg,43,2024-09-10 00:36:33.133782,2025-01-02 00:36:33.133782
298,6,Portable Headphones,Knowledge vote attention state personal woman defense card. Reveal phone help list establish report.,product_298.jpg,20,2025-02-09 00:36:33.133788,2025-03-28 00:36:33.133788
299,19,Smart Speaker,Class size decide hard cold kind situation ready. Discussion condition ball meet make various nothing.,product_299.jpg,34,2025-01-26 00:36:33.133796,2025-04-11 00:36:33.133796
