review_id,user_id,comment,review_date,product_id,seller_id,rating,updated_at
0,94,Understand fast vote central rate approach. Whole bill enough.,2025-04-17 18:21:24.830064,75,,3,2025-04-17 18:21:24.830065
1,4,Exactly exactly performance challenge else your college. Product in think technology hair figure watch.,2025-04-17 18:21:24.830076,,24,1,2025-04-17 18:21:24.830076
2,37,Pay line head various game ten. Responsibility enough thing computer.,2025-04-17 18:21:24.830083,32,,1,2025-04-17 18:21:24.830083
3,23,Argue site admit include. World must fly fish structure cover.,2025-04-17 18:21:24.830090,35,,2,2025-04-17 18:21:24.830090
4,53,Probably activity artist give a building project. Build win green front significant country.,2025-04-17 18:21:24.830096,37,,2,2025-04-17 18:21:24.830097
5,67,Cause protect great challenge. Another cup ability sport product whatever spend. Rest security true recognize finish professor.,2025-04-17 18:21:24.830104,77,,1,2025-04-17 18:21:24.830105
6,6,Under dinner second capital. Author east board voice usually him. Sign book move speak himself.,2025-04-17 18:21:24.830112,21,,4,2025-04-17 18:21:24.830112
7,41,Owner culture mean. Future national wrong mind herself family system.,2025-04-17 18:21:24.830118,35,,1,2025-04-17 18:21:24.830118
8,96,Oil cost star within Congress class western.,2025-04-17 18:21:24.830122,42,,3,2025-04-17 18:21:24.830123
9,74,Seven knowledge team job. Name than writer change least ten memory.,2025-04-17 18:21:24.830128,16,,5,2025-04-17 18:21:24.830129
10,3,Catch energy order peace. Go least chance age ability turn. Blood feeling between degree what wife grow present. Suddenly audience send measure huge attack here adult.,2025-04-17 18:21:24.830138,53,,3,2025-04-17 18:21:24.830138
11,30,Kid throw risk campaign herself blue chair. Threat follow town beat central clearly unit. Memory their strategy party unit Mrs.,2025-04-17 18:21:24.830145,79,,3,2025-04-17 18:21:24.830146
12,53,May sell several audience. Job evidence avoid bring other. Interview visit when. Expect enter rate particular project career real.,2025-04-17 18:21:24.830155,31,,5,2025-04-17 18:21:24.830155
13,77,Safe summer sister west. Window like build many.,2025-04-17 18:21:24.830160,24,,3,2025-04-17 18:21:24.830161
14,4,Church music work expert address.,2025-04-17 18:21:24.830164,74,,2,2025-04-17 18:21:24.830165
15,12,Ready prepare sure itself door class. Time sort yourself high benefit ok letter. Money whole many I.,2025-04-17 18:21:24.830172,71,,5,2025-04-17 18:21:24.830172
16,45,Garden party mouth they culture.,2025-04-17 18:21:24.830176,,29,1,2025-04-17 18:21:24.830176
17,10,Follow scene ten society traditional.,2025-04-17 18:21:24.830180,97,,4,2025-04-17 18:21:24.830181
18,15,Soldier particularly go same require third. Individual remain cover. Give at position nation no.,2025-04-17 18:21:24.830188,32,,1,2025-04-17 18:21:24.830188
19,81,Hard piece move have similar professional free measure. Player he reach method center free piece authority.,2025-04-17 18:21:24.830194,62,,3,2025-04-17 18:21:24.830194
20,96,Last hard up wife have budget. Receive several civil anyone. Pretty decide lose whole. Idea couple green goal.,2025-04-17 18:21:24.830203,82,,1,2025-04-17 18:21:24.830203
21,7,Recognize maintain enjoy social address close oil. Know stage certain operation.,2025-04-17 18:21:24.830209,80,,1,2025-04-17 18:21:24.830209
22,88,Enough boy industry also provide. Peace against possible likely. Need action similar collection because help institution. Happy program financial hour.,2025-04-17 18:21:24.830219,41,,4,2025-04-17 18:21:24.830219
23,88,Whom concern guess. Trial real thus because father cultural western fear.,2025-04-17 18:21:24.830224,35,,3,2025-04-17 18:21:24.830224
24,6,If style right culture me military treat. Course situation top last tend. Animal well grow line raise art test.,2025-04-17 18:21:24.830231,74,,4,2025-04-17 18:21:24.830232
25,4,Office write training clearly night purpose. Congress small bag do role until. Argue Congress material fill drug out would.,2025-04-17 18:21:24.830239,78,,5,2025-04-17 18:21:24.830239
26,42,News small many less partner poor. Door possible reach day.,2025-04-17 18:21:24.830245,,29,3,2025-04-17 18:21:24.830245
27,57,The attack morning rest offer late medical. Why call half enjoy question someone. Edge today let. Growth if one computer much draw.,2025-04-17 18:21:24.830254,32,,1,2025-04-17 18:21:24.830254
28,33,At who resource picture major again seven. Knowledge various rate bed agree get best. Firm fight politics cold office total film politics.,2025-04-17 18:21:24.830262,,6,3,2025-04-17 18:21:24.830262
29,38,Thought our democratic. Building including free himself give note. Wish by look lead heavy modern federal. Democrat break economic writer important avoid gas.,2025-04-17 18:21:24.830271,31,,1,2025-04-17 18:21:24.830271
30,57,Likely think this parent bring tell. Ten woman cut public expert. May customer heavy rock get. Our top pull physical quite instead green.,2025-04-17 18:21:24.830280,,13,2,2025-04-17 18:21:24.830280
31,97,We stage cover detail. Know foreign once. Story hair turn listen skill occur.,2025-04-17 18:21:24.830288,88,,3,2025-04-17 18:21:24.830288
32,4,A although skin system. Reflect current teacher top traditional field win. Off source mean sense.,2025-04-17 18:21:24.830295,,11,5,2025-04-17 18:21:24.830296
33,7,College away part weight side price usually product. Few address never there ground improve increase or.,2025-04-17 18:21:24.830302,34,,1,2025-04-17 18:21:24.830302
34,39,Marriage officer step. Look field season speak sell role.,2025-04-17 18:21:24.830308,59,,3,2025-04-17 18:21:24.830308
35,21,Again wife tonight old sea public.,2025-04-17 18:21:24.830312,39,,2,2025-04-17 18:21:24.830312
36,99,Offer box benefit movement quite. Seat government nothing time life suddenly. Type test shoulder morning no civil.,2025-04-17 18:21:24.830319,19,,4,2025-04-17 18:21:24.830319
37,91,Write new six necessary treat meeting. Place fall produce debate expect per amount. Movement bag this question police table design.,2025-04-17 18:21:24.830326,,29,4,2025-04-17 18:21:24.830326
38,26,Them floor clearly my sing out. Day yeah social.,2025-04-17 18:21:24.830332,27,,3,2025-04-17 18:21:24.830333
39,95,Case beyond relate learn carry serve. Crime investment hospital fly detail involve actually.,2025-04-17 18:21:24.830338,0,,2,2025-04-17 18:21:24.830338
40,96,Coach order design agent represent customer. Everybody machine say save decade letter tend south.,2025-04-17 18:21:24.830344,18,,1,2025-04-17 18:21:24.830344
41,21,Evidence far among religious. Pass since receive. Within all fine remain.,2025-04-17 18:21:24.830351,,15,1,2025-04-17 18:21:24.830351
42,45,Continue star four conference dream leg truth. Available street question score trouble require hear.,2025-04-17 18:21:24.830357,,5,5,2025-04-17 18:21:24.830357
43,56,Capital after avoid develop. Several rise board movement pull suddenly.,2025-04-17 18:21:24.830362,1,,3,2025-04-17 18:21:24.830362
44,4,Player five want activity for some more phone. While chance world. Trouble customer market name person answer.,2025-04-17 18:21:24.830369,,26,4,2025-04-17 18:21:24.830370
45,80,View talk kid most including claim home.,2025-04-17 18:21:24.830374,56,,2,2025-04-17 18:21:24.830374
46,6,Instead college law fly seek strong. Marriage concern start may fact office these.,2025-04-17 18:21:24.830380,,24,4,2025-04-17 18:21:24.830380
47,44,Ahead look evidence choose range. Gas sort market collection involve happen. Teacher possible think.,2025-04-17 18:21:24.830387,,7,4,2025-04-17 18:21:24.830387
48,43,Assume every factor. Agree tonight media specific nice good century. Security recognize piece include.,2025-04-17 18:21:24.830394,28,,2,2025-04-17 18:21:24.830394
49,51,Anything light notice weight cell. Learn become course back. Name wrong involve different upon sign discuss.,2025-04-17 18:21:24.830401,94,,3,2025-04-17 18:21:24.830401
50,17,Threat speech reduce these already themselves. Carry place certain center question piece.,2025-04-17 18:21:24.830407,90,,5,2025-04-17 18:21:24.830407
51,57,Look center community. Who program prove smile year.,2025-04-17 18:21:24.830412,72,,5,2025-04-17 18:21:24.830412
52,48,Ball him by. Into heavy part include ok strong. Benefit goal hotel all. His along blue product difference dark.,2025-04-17 18:21:24.830420,34,,1,2025-04-17 18:21:24.830420
53,73,Let each focus response.,2025-04-17 18:21:24.830424,72,,4,2025-04-17 18:21:24.830424
54,67,Compare claim collection. Serious else before worker. Commercial marriage year. Bill left structure.,2025-04-17 18:21:24.830433,,4,1,2025-04-17 18:21:24.830433
55,13,Put reach join activity sing growth. Edge eight middle point. Leave play agree oil music.,2025-04-17 18:21:24.830440,,11,1,2025-04-17 18:21:24.830440
56,27,Situation institution last officer. Quickly up decide yet small future. Must happy late edge page remember.,2025-04-17 18:21:24.830447,2,,5,2025-04-17 18:21:24.830447
57,40,Every president modern. Matter science room cultural policy letter. Cultural alone save this.,2025-04-17 18:21:24.830454,26,,3,2025-04-17 18:21:24.830454
58,27,Describe as only customer go do. Fund measure out cultural go child.,2025-04-17 18:21:24.830460,,13,4,2025-04-17 18:21:24.830460
59,79,Land write particular teacher collection. Property ever boy he treat network unit.,2025-04-17 18:21:24.830465,,9,2,2025-04-17 18:21:24.830466
60,72,Imagine student say picture evidence debate activity describe. Accept himself major also entire.,2025-04-17 18:21:24.830471,,8,3,2025-04-17 18:21:24.830471
61,82,Inside now also partner degree.,2025-04-17 18:21:24.830475,,23,4,2025-04-17 18:21:24.830475
62,92,Authority government apply parent try stuff. Attention appear work manager now live join.,2025-04-17 18:21:24.830480,,27,5,2025-04-17 18:21:24.830481
63,33,Drop ever lay newspaper. Role reason instead chair television responsibility support truth. Wide training religious radio.,2025-04-17 18:21:24.830488,73,,4,2025-04-17 18:21:24.830488
64,16,Tell term arm standard such. Hope various serve recognize wish hear. Little mention often away.,2025-04-17 18:21:24.830495,,29,3,2025-04-17 18:21:24.830495
65,59,Young unit national. Eat discuss consumer culture enjoy do design professional.,2025-04-17 18:21:24.830501,62,,2,2025-04-17 18:21:24.830501
66,85,Continue picture car little maintain wife.,2025-04-17 18:21:24.830505,10,,3,2025-04-17 18:21:24.830505
67,58,Investment fly add save reality wall garden. Against movement way reach whom method including character. Police analysis teacher fly get artist politics.,2025-04-17 18:21:24.830512,11,,3,2025-04-17 18:21:24.830513
68,18,Grow us head song state relationship be. Focus need difference more. Reduce world consider trial man Mr fine.,2025-04-17 18:21:24.830520,,25,3,2025-04-17 18:21:24.830520
69,65,Deal both yes and marriage military author.,2025-04-17 18:21:24.830524,,20,5,2025-04-17 18:21:24.830525
70,19,Company chance network when nearly information. Particular past nearly attorney.,2025-04-17 18:21:24.830530,85,,3,2025-04-17 18:21:24.830530
71,2,Gun gun message development. Paper outside material letter.,2025-04-17 18:21:24.830535,2,,1,2025-04-17 18:21:24.830536
72,74,Stage or oil. Letter sell six build top second.,2025-04-17 18:21:24.830540,7,,1,2025-04-17 18:21:24.830541
73,83,Step outside consumer. Civil reduce worry before call stage stock. Talk crime lay perform.,2025-04-17 18:21:24.830547,91,,1,2025-04-17 18:21:24.830548
74,36,Environment cost cause what bring. Up charge head ground then blood bring.,2025-04-17 18:21:24.830553,93,,2,2025-04-17 18:21:24.830553
75,58,Dinner final major if feeling PM threat. Beyond century understand. Fly else democratic may picture.,2025-04-17 18:21:24.830560,76,,5,2025-04-17 18:21:24.830560
76,22,Strategy born long foot black water expect hot. Beautiful card institution various.,2025-04-17 18:21:24.830565,19,,1,2025-04-17 18:21:24.830566
77,46,Every ground term near commercial lay environmental own. Establish rather training during country note watch deep.,2025-04-17 18:21:24.830572,,21,2,2025-04-17 18:21:24.830572
78,55,Visit management painting hot movie. Ago action catch knowledge.,2025-04-17 18:21:24.830577,0,,4,2025-04-17 18:21:24.830577
79,66,Run produce him. Beat policy someone note.,2025-04-17 18:21:24.830582,0,,4,2025-04-17 18:21:24.830583
